Restaurant,title,num_rating,avg_rating,score
Tulsi,Mix veg,8,5.0,3.6435006435006434
Tulsi,Plain Roti,8,4.666666666666667,3.4633204633204637
Tulsi,Dal Makhni,9,0.0,0.8812537673297167
